,MSTR,BTC,SP500
MSTR,1.0,0.5547353617841835,0.40736684170463994
BTC,0.5547353617841835,1.0,0.357167949370682
SP500,0.40736684170463994,0.357167949370682,1.0
